,Protein IDs,Majority protein IDs,Peptide counts (all),Peptide counts (razor+unique),Peptide counts (unique),Fasta headers,Number of proteins,Peptides,Razor + unique peptides,Unique peptides,Peptides C1,Peptides C2,Peptides C3,Peptides E1_24,Peptides E1_48,Peptides E2_24,Peptides E2_48,Peptides E3_24,Peptides E3_48,Razor + unique peptides C1,Razor + unique peptides C2,Razor + unique peptides C3,Razor + unique peptides E1_24,Razor + unique peptides E1_48,Razor + unique peptides E2_24,Razor + unique peptides E2_48,Razor + unique peptides E3_24,Razor + unique peptides E3_48,Unique peptides C1,Unique peptides C2,Unique peptides C3,Unique peptides E1_24,Unique peptides E1_48,Unique peptides E2_24,Unique peptides E2_48,Unique peptides E3_24,Unique peptides E3_48,Sequence coverage [%],Unique + razor sequence coverage [%],Unique sequence coverage [%],Mol. weight [kDa],Sequence length,Sequence lengths,Q-value,Score,Sequence coverage C1 [%],Sequence coverage C2 [%],Sequence coverage C3 [%],Sequence coverage E1_24 [%],Sequence coverage E1_48 [%],Sequence coverage E2_24 [%],Sequence coverage E2_48 [%],Sequence coverage E3_24 [%],Sequence coverage E3_48 [%],Intensity,Intensity C1,Intensity C2,Intensity C3,Intensity E1_24,Intensity E1_48,Intensity E2_24,Intensity E2_48,Intensity E3_24,Intensity E3_48,iBAQ peptides,iBAQ,iBAQ C1,iBAQ C2,iBAQ C3,iBAQ E1_24,iBAQ E1_48,iBAQ E2_24,iBAQ E2_48,iBAQ E3_24,iBAQ E3_48,LFQ intensity C1,LFQ intensity C2,LFQ intensity C3,LFQ intensity E1_24,LFQ intensity E1_48,LFQ intensity E2_24,LFQ intensity E2_48,LFQ intensity E3_24,LFQ intensity E3_48,MS/MS count C1,MS/MS count C2,MS/MS count C3,MS/MS count E1_24,MS/MS count E1_48,MS/MS count E2_24,MS/MS count E2_48,MS/MS count E3_24,MS/MS count E3_48,MS/MS count,Only identified by site,Reverse,Potential contaminant,id,Peptide IDs,Peptide is razor,Mod. peptide IDs,Evidence IDs,MS/MS IDs,Best MS/MS,Deamidation (NQ) site IDs,Dioxidation (MW) site IDs,Oxidation (M) site IDs,Deamidation (NQ) site positions,Dioxidation (MW) site positions,Oxidation (M) site positions,Taxonomy IDs,unique_int,Gene_id,desc,E1_24,E2_24,E3_24,E1_48,E2_48,E3_48,mean,exp_rank
1140,sp|Q80UU9|PGRC2_MOUSE,sp|Q80UU9|PGRC2_MOUSE,9,9,9,sp|Q80UU9|PGRC2_MOUSE Membrane-associated progesterone receptor component 2 OS=Mus musculus OX=10090 GN=Pgrmc2 PE=1 SV=2,1,9,9,9,0,0,0,6,8,6,8,5,3,0,0,0,6,8,6,8,5,3,0,0,0,6,8,6,8,5,3,46.5,46.5,46.5,23.334,217,217,0.0,125.47,0.0,0.0,0.0,34.1,44.7,40.6,46.1,30.4,18.9,1534500000,0,0,0,142080000,186020000,544690000,484670000,111760000,65315000,11,139500000.0,0.0,0.0,0.0,12916000.0,16911000.0,49517000.0,44061000.0,10160000.0,5937700.0,0,0,0,146890000,145550000,189520000,189470000,66174000,47723000,0,0,0,9,11,10,9,9,4,52,,,,1140,1365;1437;1460;2473;2969;5610;7689;8357;10529,True;True;True;True;True;True;True;True;True,1482;1559;1583;2661;3199;3200;6056;8332;9059;11782,7382;7746;7747;7748;7749;7750;7751;7879;7880;7881;7882;7883;7884;12928;12929;12930;12931;12932;12933;15458;15459;15460;15461;15462;15463;15464;30292;30293;30294;42301;42302;42303;42304;45944;45945;45946;45947;45948;45949;45950;45951;45952;45953;45954;45955;45956;45957;59396,8245;8625;8626;8627;8628;8629;8630;8631;8776;8777;8778;8779;8780;8781;14272;14273;14274;14275;14276;14277;17050;17051;17052;17053;17054;17055;17056;33501;33502;33503;46971;46972;46973;46974;46975;51149;51150;51151;51152;51153;51154;51155;51156;51157;51158;51159;51160;51161;51162;51163;51164;51165;51166;51167;66707,8245;8631;8780;14275;17053;33503;46971;51163;66707,,,486,,,182,-1,9,sp|Q80UU9|PGRC2_MOUSE,Membrane-associated progesterone receptor component 2,12916000.0,49517000.0,10160000.0,16911000.0,44061000.0,5937700.0,23250450.0,1.0
482,sp|P49817|CAV1_MOUSE;tr|D3Z148|D3Z148_MOUSE;tr|H3BKG0|H3BKG0_MOUSE;tr|D3Z0J2|D3Z0J2_MOUSE;sp|P51637|CAV3_MOUSE,sp|P49817|CAV1_MOUSE;tr|D3Z148|D3Z148_MOUSE;tr|H3BKG0|H3BKG0_MOUSE,6;5;4;2;1,6;5;4;2;1,6;5;4;2;1,sp|P49817|CAV1_MOUSE Caveolin-1 OS=Mus musculus OX=10090 GN=Cav1 PE=1 SV=1;tr|D3Z148|D3Z148_MOUSE Caveolin (Fragment) OS=Mus musculus OX=10090 GN=Cav1 PE=1 SV=2;tr|H3BKG0|H3BKG0_MOUSE Caveolin-1 OS=Mus musculus OX=10090 GN=Cav1 PE=1 SV=1,5,6,6,6,0,0,0,5,5,5,5,3,3,0,0,0,5,5,5,5,3,3,0,0,0,5,5,5,5,3,3,39.3,39.3,39.3,20.538,178,178;115;93;47;151,0.0,24.682,0.0,0.0,0.0,34.3,33.7,34.8,34.8,24.2,25.3,739730000,0,0,0,60157000,133280000,233400000,277230000,22719000,12956000,10,73973000.0,0.0,0.0,0.0,6015700.0,13328000.0,23340000.0,27723000.0,2271900.0,1295600.0,0,0,0,36691000,83873000,94268000,114440000,36020000,14802000,0,0,0,7,8,9,7,4,4,39,,,,482,753;2374;4888;5188;10475;14986,True;True;True;True;True;True,813;814;2558;5269;5604;11714;16634,4000;4001;4002;4003;12434;12435;12436;12437;25996;25997;25998;25999;26000;26001;27896;27897;27898;27899;27900;27901;27902;27903;27904;27905;59115;59116;84157;84158;84159;84160;84161;84162;84163;84164,4583;4584;4585;4586;13722;13723;13724;13725;28645;28646;28647;28648;28649;28650;28651;28652;28653;28654;28655;30784;30785;30786;30787;30788;30789;30790;30791;30792;30793;30794;30795;66403;66404;94558;94559;94560;94561;94562;94563;94564;94565,4584;13725;28654;30790;66403;94561,,,212,,,32,-1;-1;-1;-1;-1,6,sp|P49817|CAV1_MOUSE,Caveolin-1,6015700.0,23340000.0,2271900.0,13328000.0,27723000.0,1295600.0,12329033.333333334,2.0
612,sp|P63024|VAMP3_MOUSE;sp|P63044|VAMP2_MOUSE;tr|B0QZN5|B0QZN5_MOUSE;tr|A0A0N4SUV3|A0A0N4SUV3_MOUSE;sp|Q62442|VAMP1_MOUSE;tr|D3YTU0|D3YTU0_MOUSE,sp|P63024|VAMP3_MOUSE,7;3;3;1;1;1,7;3;3;1;1;1,7;3;3;1;1;1,sp|P63024|VAMP3_MOUSE Vesicle-associated membrane protein 3 OS=Mus musculus OX=10090 GN=Vamp3 PE=1 SV=1,6,7,7,7,0,0,0,3,5,6,7,4,3,0,0,0,3,5,6,7,4,3,0,0,0,3,5,6,7,4,3,55.3,55.3,55.3,11.48,103,103;116;163;116;118;171,0.0,110.42,0.0,0.0,0.0,54.4,55.3,55.3,55.3,54.4,39.8,333610000,0,0,0,13027000,63703000,110480000,121040000,16039000,9315200,5,66721000.0,0.0,0.0,0.0,2605300.0,12741000.0,22097000.0,24207000.0,3207800.0,1863000.0,0,0,0,19464000,43024000,38952000,43198000,12756000,8854200,0,0,0,3,6,7,7,4,3,30,,,,612,141;8145;8255;8256;10701;11982;11983,True;True;True;True;True;True;True,146;8829;8830;8949;8950;11971;13367;13368,596;597;598;599;600;44687;44688;44689;44690;44691;44692;44693;45356;45357;45358;45359;45360;45361;45362;45363;60320;66857;66858;66859;66860;66861;66862;66863;66864;66865,650;651;652;653;654;49656;49657;49658;49659;49660;49661;49662;49663;50508;50509;50510;50511;50512;50513;50514;50515;67696;74745;74746;74747;74748;74749;74750;74751;74752;74753,653;49662;50508;50514;67696;74745;74752,,,269,,,33,-1;-1;-1;-1;-1;-1,7,sp|P63024|VAMP3_MOUSE,Vesicle-associated membrane protein 3,2605300.0,22097000.0,3207800.0,12741000.0,24207000.0,1863000.0,11120183.333333334,3.0
1709,sp|Q9CQW1|YKT6_MOUSE,sp|Q9CQW1|YKT6_MOUSE,6,6,6,sp|Q9CQW1|YKT6_MOUSE Synaptobrevin homolog YKT6 OS=Mus musculus OX=10090 GN=Ykt6 PE=1 SV=1,1,6,6,6,0,0,0,4,5,6,6,4,4,0,0,0,4,5,6,6,4,4,0,0,0,4,5,6,6,4,4,35.4,35.4,35.4,22.314,198,198,0.0,38.91,0.0,0.0,0.0,24.2,35.4,35.4,35.4,28.8,30.3,797780000,0,0,0,46394000,151810000,263140000,268400000,36098000,31936000,14,56984000.0,0.0,0.0,0.0,3313900.0,10844000.0,18795000.0,19172000.0,2578400.0,2281200.0,0,0,0,66787000,95514000,91824000,102350000,29325000,22603000,0,0,0,5,8,10,8,5,4,40,,,,1709,132;3813;5228;6947;11025;13117,True;True;True;True;True;True,137;4112;5646;7534;12332;14606,535;536;537;538;539;19995;19996;19997;19998;19999;20000;20001;20002;28059;28060;28061;28062;28063;28064;28065;28066;38272;38273;61874;61875;61876;61877;61878;61879;61880;61881;61882;73492;73493;73494;73495;73496;73497,586;587;588;589;590;22127;22128;22129;22130;22131;22132;22133;22134;30966;30967;30968;30969;30970;30971;30972;30973;30974;42458;42459;42460;69435;69436;69437;69438;69439;69440;69441;69442;69443;82344;82345;82346;82347;82348;82349,588;22127;30973;42460;69440;82345,,,,,,,-1,6,sp|Q9CQW1|YKT6_MOUSE,Synaptobrevin homolog YKT6,3313900.0,18795000.0,2578400.0,10844000.0,19172000.0,2281200.0,9497416.666666666,4.0
1711,sp|Q9CQW9|IFM3_MOUSE;sp|Q99J93|IFM2_MOUSE;tr|A0A1B0GT68|A0A1B0GT68_MOUSE,sp|Q9CQW9|IFM3_MOUSE,3;1;1,3;1;1,3;1;1,sp|Q9CQW9|IFM3_MOUSE Interferon-induced transmembrane protein 3 OS=Mus musculus OX=10090 GN=Ifitm3 PE=1 SV=1,3,3,3,3,0,0,0,2,3,2,2,1,1,0,0,0,2,3,2,2,1,1,0,0,0,2,3,2,2,1,1,36.5,36.5,36.5,14.954,137,137;144;152,0.0,10.806,0.0,0.0,0.0,30.7,36.5,30.7,30.7,14.6,14.6,204820000,0,0,0,17620000,54609000,55606000,52856000,21934000,2194700,4,51205000.0,0.0,0.0,0.0,4405000.0,13652000.0,13901000.0,13214000.0,5483500.0,548670.0,0,0,0,17029000,36742000,20483000,21032000,18786000,0,0,0,0,3,6,4,3,2,1,19,,,,1711,5509;8942;12972,True;True;True,5951;5952;9773;14449,29764;29765;29766;29767;29768;29769;29770;29771;29772;29773;29774;29775;29776;29777;49697;49698;49699;49700;72632,32929;32930;32931;32932;32933;32934;32935;32936;32937;32938;32939;32940;32941;32942;32943;55284;55285;55286;55287;81407,32939;55285;81407,,,644;645,,,32;48,-1;-1;-1,3,sp|Q9CQW9|IFM3_MOUSE,Interferon-induced transmembrane protein 3,4405000.0,13901000.0,5483500.0,13652000.0,13214000.0,548670.0,8534028.333333334,5.0
1319,tr|A0A0J9YTY0|A0A0J9YTY0_MOUSE;sp|Q8C1B7|SEP11_MOUSE;tr|A0A0J9YUL3|A0A0J9YUL3_MOUSE;sp|Q9R1T4|SEPT6_MOUSE;tr|A0A0J9YUV6|A0A0J9YUV6_MOUSE;tr|A0A0J9YVA6|A0A0J9YVA6_MOUSE;tr|A2A3W1|A2A3W1_MOUSE,tr|A0A0J9YTY0|A0A0J9YTY0_MOUSE;sp|Q8C1B7|SEP11_MOUSE;tr|A0A0J9YUL3|A0A0J9YUL3_MOUSE,12;12;12;5;4;3;1,12;12;12;5;4;3;1,10;10;10;3;4;2;1,tr|A0A0J9YTY0|A0A0J9YTY0_MOUSE Septin-11 OS=Mus musculus OX=10090 GN=Septin11 PE=1 SV=1;sp|Q8C1B7|SEP11_MOUSE Septin-11 OS=Mus musculus OX=10090 GN=Septin11 PE=1 SV=4;tr|A0A0J9YUL3|A0A0J9YUL3_MOUSE Septin-11 OS=Mus musculus OX=10090 GN=Septin11 PE=1 SV=1,7,12,12,10,0,0,0,9,11,9,11,7,4,0,0,0,9,11,9,11,7,4,0,0,0,8,9,7,9,5,3,33.9,33.9,30.4,48.978,425,425;431;432;434;97;204;141,0.0,127.57,0.0,0.0,0.0,26.6,30.8,27.3,33.9,20.0,11.1,618420000,0,0,0,37672000,91332000,207950000,238200000,27348000,15916000,21,29449000.0,0.0,0.0,0.0,1793900.0,4349200.0,9902200.0,11343000.0,1302300.0,757920.0,0,0,0,48676000,66856000,73836000,81944000,21973000,12791000,0,0,0,10,13,10,12,8,4,57,,,,1319,1181;1918;2512;3116;6177;6420;9427;10722;11423;11993;12145;13898,True;True;True;True;True;True;True;True;True;True;True;True,1280;2072;2700;3354;6704;6962;10376;11995;12767;13380;13546;15461,6200;6201;6202;6203;10241;10242;10243;13077;13078;16231;16232;16233;16234;16235;16236;34029;34030;34031;34032;34033;35307;35308;35309;35310;35311;35312;35313;35314;35315;35316;53001;53002;53003;53004;60423;60424;60425;63907;63908;63909;63910;66907;66908;66909;66910;68050;68051;68052;68053;68054;77952;77953;77954;77955;77956;77957,6925;6926;6927;6928;11330;11331;11332;14432;14433;17945;17946;17947;17948;17949;17950;37980;37981;37982;37983;37984;39334;39335;39336;39337;39338;39339;39340;39341;39342;39343;59766;59767;59768;59769;67801;67802;67803;71620;71621;71622;71623;74796;74797;74798;74799;76159;76160;76161;76162;76163;87157;87158;87159;87160;87161;87162;87163;87164,6925;11331;14433;17945;37980;39342;59767;67801;71620;74798;76159;87162,,,,,,,-1;-1;-1;-1;-1;-1;-1,10,tr|A0A0J9YTY0|A0A0J9YTY0_MOUSE,tr|A0A0J9YTY0|A0A0J9YTY0_MOUSE Septin-11,1793900.0,9902200.0,1302300.0,4349200.0,11343000.0,757920.0,4908086.666666667,6.0
1379,tr|A0A0R4J1G9|A0A0R4J1G9_MOUSE;sp|Q8CI59|STEA3_MOUSE;tr|E9QN92|E9QN92_MOUSE;tr|D3YTP0|D3YTP0_MOUSE,tr|A0A0R4J1G9|A0A0R4J1G9_MOUSE;sp|Q8CI59|STEA3_MOUSE;tr|E9QN92|E9QN92_MOUSE;tr|D3YTP0|D3YTP0_MOUSE,12;12;12;11,12;12;12;11,12;12;12;11,tr|A0A0R4J1G9|A0A0R4J1G9_MOUSE Metalloreductase STEAP3 OS=Mus musculus OX=10090 GN=Steap3 PE=1 SV=1;sp|Q8CI59|STEA3_MOUSE Metalloreductase STEAP3 OS=Mus musculus OX=10090 GN=Steap3 PE=1 SV=1;tr|E9QN92|E9QN92_MOUSE Metalloreductase STEAP3 OS=Mus musculus OX,4,12,12,12,0,0,0,6,10,10,10,6,3,0,0,0,6,10,10,10,6,3,0,0,0,6,10,10,10,6,3,24.2,24.2,24.2,54.747,488,488;488;526;418,0.0,36.618,0.0,0.0,0.0,14.5,21.7,20.5,20.9,14.5,7.2,486320000,0,0,0,41621000,95410000,162840000,138350000,38993000,9102300,24,20263000.0,0.0,0.0,0.0,1734200.0,3975400.0,6784900.0,5764700.0,1624700.0,379260.0,0,0,0,50357000,66995000,57044000,52533000,23417000,9006500,0,0,0,6,9,11,10,6,3,45,,,,1379,343;763;2905;3339;5660;5661;8488;8514;10711;11299;13446;14590,True;True;True;True;True;True;True;True;True;True;True;True,365;827;828;3131;3598;6115;6116;9198;9227;11981;12635;14967;16211,1628;4041;4042;4043;4044;4045;4046;15174;15175;15176;15177;15178;17375;17376;17377;17378;17379;30605;30606;30607;30608;30609;30610;30611;30612;30613;46692;46693;46694;46695;46696;46845;46846;46847;46848;60367;60368;63291;75481;75482;75483;75484;75485;75486;81685;81686,1780;4624;4625;4626;4627;4628;4629;16731;16732;16733;16734;16735;19179;19180;19181;19182;19183;33869;33870;33871;33872;33873;33874;33875;33876;33877;51944;51945;51946;51947;51948;52103;52104;52105;52106;67744;67745;70985;84551;84552;84553;84554;84555;84556;91422;91423,1780;4624;16734;19182;33872;33877;51944;52106;67744;70985;84554;91422,,,543,,,185,-1;-1;-1;-1,12,tr|A0A0R4J1G9|A0A0R4J1G9_MOUSE,tr|A0A0R4J1G9|A0A0R4J1G9_MOUSE Metalloreductase STEAP3,1734200.0,6784900.0,1624700.0,3975400.0,5764700.0,379260.0,3377193.3333333335,7.0
144,sp|O09044|SNP23_MOUSE;tr|Q9D3L3|Q9D3L3_MOUSE;tr|B0R030|B0R030_MOUSE;tr|B0R029|B0R029_MOUSE;tr|E9Q8A1|E9Q8A1_MOUSE;sp|P60879|SNP25_MOUSE,sp|O09044|SNP23_MOUSE;tr|Q9D3L3|Q9D3L3_MOUSE;tr|B0R030|B0R030_MOUSE;tr|B0R029|B0R029_MOUSE;tr|E9Q8A1|E9Q8A1_MOUSE,8;8;7;5;5;1,8;8;7;5;5;1,8;8;7;5;5;1,sp|O09044|SNP23_MOUSE Synaptosomal-associated protein 23 OS=Mus musculus OX=10090 GN=Snap23 PE=1 SV=1;tr|Q9D3L3|Q9D3L3_MOUSE Synaptosomal-associated protein OS=Mus musculus OX=10090 GN=Snap23 PE=1 SV=1;tr|B0R030|B0R030_MOUSE Synaptosomal-associated protein,6,8,8,8,0,0,0,5,5,7,5,3,1,0,0,0,5,5,7,5,3,1,0,0,0,5,5,7,5,3,1,53.8,53.8,53.8,23.261,210,210;221;161;85;98;206,0.0,55.636,0.0,0.0,0.0,35.2,35.2,47.1,40.5,19.5,6.7,160430000,0,0,0,16905000,24516000,68867000,37614000,10711000,1814300,12,13369000.0,0.0,0.0,0.0,1408800.0,2043000.0,5738900.0,3134500.0,892600.0,151190.0,0,0,0,15803000,19790000,24454000,14067000,7244000,2548900,0,0,0,6,5,8,6,4,2,31,,,,144,469;470;1159;5242;5585;6027;6028;12535,True;True;True;True;True;True;True;True,505;506;1258;5660;5661;6031;6537;6538;13982,2463;2464;2465;2466;2467;2468;2469;2470;2471;2472;2473;2474;2475;6097;6098;6099;6100;6101;28130;28131;28132;28133;28134;28135;28136;30171;33260;33261;33262;33263;33264;33265;70431;70432,2851;2852;2853;2854;2855;2856;2857;2858;2859;2860;2861;2862;2863;6818;6819;6820;6821;6822;31041;31042;31043;31044;31045;31046;31047;33368;37121;37122;37123;37124;37125;37126;37127;37128;78943;78944,2851;2862;6821;31047;33368;37123;37125;78944,54;668,,57,124;126,,59,-1;-1;-1;-1;-1;-1,8,sp|O09044|SNP23_MOUSE,Synaptosomal-associated protein 23,1408800.0,5738900.0,892600.0,2043000.0,3134500.0,151190.0,2228165.0,8.0
338,sp|P18572|BASI_MOUSE;tr|K3W4Q8|K3W4Q8_MOUSE;tr|J3QP71|J3QP71_MOUSE,sp|P18572|BASI_MOUSE;tr|K3W4Q8|K3W4Q8_MOUSE;tr|J3QP71|J3QP71_MOUSE,5;5;4,5;5;4,5;5;4,sp|P18572|BASI_MOUSE Basigin OS=Mus musculus OX=10090 GN=Bsg PE=1 SV=2;tr|K3W4Q8|K3W4Q8_MOUSE Basigin OS=Mus musculus OX=10090 GN=Bsg PE=1 SV=1;tr|J3QP71|J3QP71_MOUSE Basigin (Fragment) OS=Mus musculus OX=10090 GN=Bsg PE=1 SV=1,3,5,5,5,0,0,0,2,3,4,5,1,1,0,0,0,2,3,4,5,1,1,0,0,0,2,3,4,5,1,1,14.9,14.9,14.9,42.443999999999996,389,389;218;197,0.0,12.413,0.0,0.0,0.0,5.9,8.0,12.9,14.9,2.6,2.6,236730000,0,0,0,14568000,42145000,72200000,98037000,4560500,5223200,19,12460000.0,0.0,0.0,0.0,766750.0,2218100.0,3800000.0,5159900.0,240020.0,274900.0,0,0,0,18457000,34261000,26522000,32865000,0,0,0,0,0,2,4,4,6,1,1,18,,,,338,10643;11076;13786;14735;15015,True;True;True;True;True,11908;12385;15341;16369;16667,59979;59980;62087;62088;62089;62090;62091;62092;77439;77440;77441;77442;77443;77444;82892;82893;84299;84300,67345;67346;69655;69656;69657;69658;69659;69660;86630;86631;86632;86633;86634;86635;93201;93202;94738;94739,67345;69659;86633;93201;94739,,,,,,,-1;-1;-1,5,sp|P18572|BASI_MOUSE,Basigin,766750.0,3800000.0,240020.0,2218100.0,5159900.0,274900.0,2076611.6666666667,9.0
2187,tr|F7DBB3|F7DBB3_MOUSE;tr|Q3URZ6|Q3URZ6_MOUSE,tr|F7DBB3|F7DBB3_MOUSE,10;2,10;2,2;2,tr|F7DBB3|F7DBB3_MOUSE AHNAK nucleoprotein 2 (Fragment) OS=Mus musculus OX=10090 GN=Ahnak2 PE=1 SV=1,2,10,10,2,0,0,0,8,8,8,5,6,3,0,0,0,8,8,8,5,6,3,0,0,0,2,1,0,0,0,0,24.8,24.8,2.5,166.49,1576,1576;770,0.0,52.031000000000006,0.0,0.0,0.0,21.7,23.2,22.3,17.0,16.6,11.2,885250000,0,0,0,221660000,303220000,192270000,86202000,70054000,11842000,80,11066000.0,0.0,0.0,0.0,2770700.0,3790300.0,2403400.0,1077500.0,875670.0,148030.0,0,0,0,179910000,202440000,91874000,67815000,51481000,12409000,0,0,0,12,15,11,6,7,3,54,,,,2187,3833;7075;7922;8981;12331;12710;13241;13275;13277;14029,True;True;True;True;True;True;True;True;True;True,4132;7677;8585;9826;9827;13756;14171;14740;14781;14783;15607;15608,20084;20085;20086;20087;20088;20089;39009;39010;39011;39012;39013;39014;39015;39016;39017;43542;43543;43544;43545;43546;43547;43548;43549;43550;49912;49913;49914;49915;49916;49917;49918;49919;69157;71375;71376;74195;74196;74197;74435;74436;74437;74438;74439;74441;74442;78615;78616;78617;78618;78619,22222;22223;22224;22225;22226;22227;22228;43264;43265;43266;43267;43268;43269;43270;43271;43272;48411;48412;48413;48414;48415;48416;48417;48418;48419;48420;55509;55510;55511;55512;55513;55514;55515;55516;55517;77407;80042;80043;80044;83091;83092;83093;83360;83361;83362;83363;83364;83366;83367;87851;87852;87853;87854;87855,22227;43270;48418;55516;77407;80044;83093;83361;83366;87852,,,786,,,132,-1;-1,2,tr|F7DBB3|F7DBB3_MOUSE,none,2770700.0,2403400.0,875670.0,3790300.0,1077500.0,148030.0,1844266.6666666667,10.0
1164,sp|Q811D0|DLG1_MOUSE;tr|H7BWY4|H7BWY4_MOUSE;tr|E9Q9H0|E9Q9H0_MOUSE;tr|D3Z3B8|D3Z3B8_MOUSE;tr|S4R2T8|S4R2T8_MOUSE;tr|F6UDT8|F6UDT8_MOUSE;tr|A0A338P6J0|A0A338P6J0_MOUSE;tr|A0A571BEZ4|A0A571BEZ4_MOUSE;tr|A0A571BEK3|A0A571BEK3_MOUSE;tr|E9Q2L2|E9Q2L2_MOUSE;sp|Q91XM9|DLG2_MOUSE;tr|D3YUZ8|D3YUZ8_MOUSE;tr|A0A338P6I6|A0A338P6I6_MOUSE;tr|A0A338P7H1|A0A338P7H1_MOUSE;tr|A0A338P713|A0A338P713_MOUSE;tr|G3UZL5|G3UZL5_MOUSE;tr|A0A338P6E5|A0A338P6E5_MOUSE;tr|D3YWU0|D3YWU0_MOUSE;tr|A0A338P6H5|A0A338P6H5_MOUSE;tr|A0A338P6L4|A0A338P6L4_MOUSE;tr|B1AR31|B1AR31_MOUSE;tr|E9Q3Z8|E9Q3Z8_MOUSE;sp|Q62108|DLG4_MOUSE,sp|Q811D0|DLG1_MOUSE;tr|H7BWY4|H7BWY4_MOUSE;tr|E9Q9H0|E9Q9H0_MOUSE;tr|D3Z3B8|D3Z3B8_MOUSE,19;19;18;16;7;6;2;2;2;2;2;2;1;1;1;1;1;1;1;1;1;1;1,19;19;18;16;7;6;2;2;2;2;2;2;1;1;1;1;1;1;1;1;1;1;1,19;19;18;16;7;6;2;2;2;2;2;2;1;1;1;1;1;1;1;1;1;1;1,sp|Q811D0|DLG1_MOUSE Disks large homolog 1 OS=Mus musculus OX=10090 GN=Dlg1 PE=1 SV=1;tr|H7BWY4|H7BWY4_MOUSE Disks large homolog 1 OS=Mus musculus OX=10090 GN=Dlg1 PE=1 SV=1;tr|E9Q9H0|E9Q9H0_MOUSE Disks large homolog 1 OS=Mus musculus OX=10090 GN=Dlg1 PE=1,23,19,19,19,0,0,0,15,11,13,16,9,6,0,0,0,15,11,13,16,9,6,0,0,0,15,11,13,16,9,6,35.7,35.7,35.7,100.12,905,905;872;912;834;558;358;994;919;901;870;852;755;764;198;205;668;664;481;273;254;242;238;724,0.0,88.09899999999999,0.0,0.0,0.0,28.4,22.7,24.9,31.4,15.2,11.4,399300000,0,0,0,34215000,55491000,115920000,155320000,26360000,11990000,37,10792000.0,0.0,0.0,0.0,924730.0,1499800.0,3133100.0,4197900.0,712450.0,324060.0,0,0,0,32301000,42353000,47421000,51240000,18959000,11319000,0,0,0,13,12,13,18,9,5,70,,,,1164,640;1860;2027;2751;3144;3216;4145;4267;4368;5487;5489;7112;8086;9635;10056;10466;11579;13864;14880,True;True;True;True;True;True;True;True;True;True;True;True;True;True;True;True;True;True;True,691;2011;2188;2957;3382;3461;3462;4456;4590;4702;5923;5925;7716;8764;10624;11154;11703;11704;12933;15427;16520,3401;3402;3403;3404;3405;10002;10003;10004;10005;10006;10776;10777;10778;14229;16378;16379;16380;16381;16382;16383;16765;16766;16767;16768;16769;16770;16771;21847;21848;21849;21850;22476;22477;23049;23050;23051;23052;23053;29599;29600;29601;29602;29606;29607;29608;29609;29610;29611;39158;39159;39160;39161;44373;54358;54359;54360;54361;54362;56774;56775;56776;56777;56778;59082;59083;59084;59085;64734;77777;83593;83594;83595;83596,3901;3902;3903;3904;3905;11085;11086;11087;11088;11089;11907;11908;11909;15638;18116;18117;18118;18119;18120;18121;18513;18514;18515;18516;18517;18518;18519;24093;24094;24095;24096;24097;24098;24777;24778;24779;24780;25375;25376;25377;25378;25379;25380;32751;32752;32753;32754;32759;32760;32761;32762;32763;32764;43419;43420;43421;43422;43423;49321;61295;61296;61297;61298;61299;63879;63880;63881;63882;63883;66370;66371;66372;66373;72514;86982;93948;93949;93950;93951;93952;93953,3901;11088;11907;15638;18119;18517;24094;24779;25376;32752;32759;43419;49321;61299;63882;66372;72514;86982;93952,442,,,787,,,-1;-1;-1;-1;-1;-1;-1;-1;-1;-1;-1;-1;-1;-1;-1;-1;-1;-1;-1;-1;-1;-1;-1,19,sp|Q811D0|DLG1_MOUSE,Disks large homolog 1,924730.0,3133100.0,712450.0,1499800.0,4197900.0,324060.0,1798673.3333333333,11.0
861,sp|Q5Y5T1|ZDH20_MOUSE,sp|Q5Y5T1|ZDH20_MOUSE,6,6,6,sp|Q5Y5T1|ZDH20_MOUSE Palmitoyltransferase ZDHHC20 OS=Mus musculus OX=10090 GN=Zdhhc20 PE=1 SV=1,1,6,6,6,0,0,0,6,5,4,5,2,1,0,0,0,6,5,4,5,2,1,0,0,0,6,5,4,5,2,1,21.1,21.1,21.1,43.975,380,380,0.0,63.817,0.0,0.0,0.0,21.1,18.7,15.8,18.2,7.4,5.0,159600000,0,0,0,16523000,22258000,51881000,53581000,11906000,3453100,17,9388400.0,0.0,0.0,0.0,971960.0,1309300.0,3051800.0,3151800.0,700360.0,203130.0,0,0,0,13431000,18434000,17689000,20183000,11685000,0,0,0,0,5,4,5,5,2,1,22,,,,861,1706;2282;7601;8508;11256;14623,True;True;True;True;True;True,1843;2461;8241;8242;9219;9220;12586;16249,9210;9211;11940;11941;11942;41886;41887;41888;41889;41890;46808;46809;46810;46811;46812;46813;46814;46815;46816;63033;63034;63035;63036;82269;82270;82271;82272,10219;10220;13162;13163;13164;46515;46516;46517;46518;46519;52062;52063;52064;52065;52066;52067;52068;52069;52070;70699;70700;70701;70702;92529;92530;92531;92532,10219;13163;46517;52067;70700;92530,354,,392,359,,314,-1,6,sp|Q5Y5T1|ZDH20_MOUSE,Palmitoyltransferase ZDHHC20,971960.0,3051800.0,700360.0,1309300.0,3151800.0,203130.0,1564725.0,12.0
1159,sp|Q80Z96|VANG1_MOUSE;tr|Q3UXU7|Q3UXU7_MOUSE;tr|A0A0H2UH25|A0A0H2UH25_MOUSE;tr|F7BWJ0|F7BWJ0_MOUSE;tr|E0CX72|E0CX72_MOUSE,sp|Q80Z96|VANG1_MOUSE;tr|Q3UXU7|Q3UXU7_MOUSE;tr|A0A0H2UH25|A0A0H2UH25_MOUSE;tr|F7BWJ0|F7BWJ0_MOUSE,16;15;10;9;3,16;15;10;9;3,16;15;10;9;3,sp|Q80Z96|VANG1_MOUSE Vang-like protein 1 OS=Mus musculus OX=10090 GN=Vangl1 PE=1 SV=2;tr|Q3UXU7|Q3UXU7_MOUSE Vang-like protein OS=Mus musculus OX=10090 GN=Vangl1 PE=1 SV=1;tr|A0A0H2UH25|A0A0H2UH25_MOUSE Vang-like protein 1 OS=Mus musculus OX=10090 GN=Vang,5,16,16,16,0,0,0,6,6,11,10,6,1,0,0,0,6,6,11,10,6,1,0,0,0,6,6,11,10,6,1,39.0,39.0,39.0,60.063,526,526;476;393;253;137,0.0,88.105,0.0,0.0,0.0,16.2,16.0,31.4,25.3,17.3,2.1,244430000,0,0,0,14069000,20227000,116310000,73757000,19241000,824040,28,8729800.0,0.0,0.0,0.0,502480.0,722410.0,4154100.0,2634200.0,687180.0,29430.0,0,0,0,14806000,26562000,35573000,22813000,14525000,0,0,0,0,5,5,12,10,5,1,38,,,,1159,72;1462;1489;1900;1901;3608;6402;7471;8730;10538;11683;12114;12403;14394;14481;14815,True;True;True;True;True;True;True;True;True;True;True;True;True;True;True;True,76;1586;1618;2054;2055;3892;6944;8100;8101;9477;11793;13051;13511;13836;16001;16096;16450,319;320;7905;7906;7907;7908;7909;8090;8091;8092;10143;10144;10145;10146;10147;10148;18972;18973;35195;35196;35197;35198;35199;41174;41175;41176;48188;59424;65293;67835;67836;67837;67838;67839;69509;69510;80598;81198;83234;83235;83236,357;358;8810;8811;8812;8813;8814;9028;9029;9030;11229;11230;11231;11232;11233;11234;21031;21032;39219;39220;39221;39222;39223;45747;45748;45749;53643;53644;66739;73100;75925;75926;75927;75928;75929;77798;77799;89981;90897;93555;93556;93557,357;8812;9029;11229;11234;21032;39220;45747;53644;66739;73100;75925;77798;89981;90897;93556,441,,,475,,,-1;-1;-1;-1;-1,16,sp|Q80Z96|VANG1_MOUSE,Vang-like protein 1,502480.0,4154100.0,687180.0,722410.0,2634200.0,29430.0,1454966.6666666667,13.0
720,sp|Q03145|EPHA2_MOUSE,sp|Q03145|EPHA2_MOUSE,15,15,14,sp|Q03145|EPHA2_MOUSE Ephrin type-A receptor 2 OS=Mus musculus OX=10090 GN=Epha2 PE=1 SV=3,1,15,15,14,0,0,0,14,14,10,6,7,2,0,0,0,14,14,10,6,7,2,0,0,0,13,13,9,5,6,1,18.0,18.0,17.2,108.85,977,977,0.0,47.418,0.0,0.0,0.0,16.9,16.2,11.3,6.3,7.8,2.5,268500000,0,0,0,61456000,77588000,82868000,26199000,16563000,3826700,46,5837000.0,0.0,0.0,0.0,1336000.0,1686700.0,1801500.0,569550.0,360060.0,83189.0,0,0,0,61106000,52528000,33640000,11645000,12497000,2289600,0,0,0,14,14,11,6,8,2,55,,,,720,1828;2958;3004;5174;5223;7992;12239;12561;13075;13538;13688;14082;14326;14512;14929,True;True;True;True;True;True;True;True;True;True;True;True;True;True;True,1979;3188;3235;5590;5641;8664;13656;14010;14564;15067;15238;15664;15931;15932;16130;16574,9857;9858;15415;15416;15417;15418;15419;15612;15613;15614;15615;27850;27851;27852;27853;28043;43920;43921;68626;68627;70539;70540;70541;73298;73299;73300;76044;76045;76046;76047;76947;76948;76949;76950;76951;78876;78877;78878;78879;78880;78881;80295;80296;80297;81346;81347;81348;81349;81350;83860;83861;83862;83863,10937;10938;17007;17008;17009;17010;17011;17216;17217;17218;17219;30737;30738;30739;30740;30949;48847;48848;76795;76796;79053;79054;79055;82141;82142;82143;85156;85157;85158;85159;86126;86127;86128;86129;86130;88138;88139;88140;88141;88142;88143;89656;89657;89658;91065;91066;91067;91068;91069;91070;94235;94236;94237;94238;94239;94240,10938;17007;17218;30737;30949;48848;76796;79055;82141;85157;86127;88141;89656;91069;94236,,,,,,,-1,14,sp|Q03145|EPHA2_MOUSE,Ephrin type-A receptor 2,1336000.0,1801500.0,360060.0,1686700.0,569550.0,83189.0,972833.1666666666,14.0
2180,tr|E9Q9C3|E9Q9C3_MOUSE;sp|Q9QZQ1|AFAD_MOUSE;tr|E9PYX7|E9PYX7_MOUSE,tr|E9Q9C3|E9Q9C3_MOUSE;sp|Q9QZQ1|AFAD_MOUSE;tr|E9PYX7|E9PYX7_MOUSE,34;33;28,34;33;28,3;2;2,tr|E9Q9C3|E9Q9C3_MOUSE Afadin OS=Mus musculus OX=10090 GN=Afdn PE=1 SV=1;sp|Q9QZQ1|AFAD_MOUSE Afadin OS=Mus musculus OX=10090 GN=Afdn PE=1 SV=3;tr|E9PYX7|E9PYX7_MOUSE Afadin OS=Mus musculus OX=10090 GN=Afdn PE=1 SV=1,3,34,34,3,1,0,0,18,25,26,20,11,2,1,0,0,18,25,26,20,11,2,0,0,0,2,3,1,1,1,0,23.2,23.2,1.6,207.31,1827,1827;1820;1663,0.0,110.89,1.0,0.0,0.0,12.8,17.2,18.6,14.0,9.5,1.5,497610000,0,0,0,48090000,114820000,165650000,142230000,26029000,801560,92,5408800.0,0.0,0.0,0.0,522710.0,1248000.0,1800500.0,1546000.0,282920.0,8712.7,0,0,0,57063000,70722000,58190000,55990000,26899000,0,0,0,0,18,26,25,20,12,1,102,,,,2180,1715;2340;2599;2654;2655;3560;4050;4848;5894;6105;6516;6772;6798;6986;7009;7196;7197;7628;8072;8101;9099;9880;10085;10285;10304;10804;11553;11572;11754;11896;12696;12789;14471;14999,True;True;True;True;True;True;True;True;True;True;True;True;True;True;True;True;True;True;True;True;True;True;True;True;True;True;True;True;True;True;True;True;True;True,1853;2522;2794;2854;2855;3841;4358;5224;6377;6626;7062;7341;7368;7577;7605;7804;7805;8269;8750;8779;9991;10897;11193;11465;11491;12086;12902;12925;13129;13278;14156;14257;16086;16649,9261;12258;12259;12260;13549;13550;13551;13552;13553;13554;13834;13835;13836;13837;13838;13839;18631;18632;18633;18634;21331;21332;25721;25722;25723;25724;32386;32387;33659;33660;33661;33662;33663;35770;35771;37225;37339;38537;38538;38539;38540;38541;38691;38692;39550;39551;39552;39553;39554;39555;41995;41996;41997;41998;44322;44323;44324;44325;44452;44453;50589;50590;55562;55563;55564;55565;56915;58045;58136;58137;58138;60846;64567;64568;64569;64570;64700;64701;64702;65637;65638;65639;65640;65641;66401;66402;66403;66404;71309;71310;71311;71312;71313;71314;71778;71779;71780;71781;81170;81171;81172;84212;84213;84214;84215;84216,10271;13523;13524;13525;14918;14919;14920;14921;14922;14923;15214;15215;15216;15217;15218;15219;15220;20555;20556;20557;20558;23543;23544;28310;28311;28312;28313;36183;36184;37573;37574;37575;37576;37577;39808;39809;41345;41467;42738;42739;42740;42741;42742;42743;42744;42918;42919;43868;43869;43870;43871;43872;43873;46627;46628;46629;46630;49269;49270;49271;49272;49401;49402;56269;56270;62583;62584;62585;62586;64024;65228;65331;65332;65333;68264;72317;72318;72319;72320;72475;72476;72477;73462;73463;73464;73465;73466;74259;74260;74261;74262;79970;79971;79972;79973;79974;79975;80490;80491;80492;80493;80494;90868;90869;90870;94614;94615;94616;94617;94618,10271;13525;14923;15215;15217;20555;23543;28311;36183;37576;39809;41345;41467;42739;42918;43869;43873;46627;49271;49401;56269;62583;64024;65228;65331;68264;72319;72477;73466;74261;79975;80493;90869;94617,,,,,,,-1;-1;-1,3,tr|E9Q9C3|E9Q9C3_MOUSE,tr|E9Q9C3|E9Q9C3_MOUSE Afadin,522710.0,1800500.0,282920.0,1248000.0,1546000.0,8712.7,901473.7833333333,15.0
1381,sp|Q8CIB5|FERM2_MOUSE;tr|A6X941|A6X941_MOUSE;tr|A6X940|A6X940_MOUSE,sp|Q8CIB5|FERM2_MOUSE,12;5;2,12;5;2,12;5;2,sp|Q8CIB5|FERM2_MOUSE Fermitin family homolog 2 OS=Mus musculus OX=10090 GN=Fermt2 PE=1 SV=1,3,12,12,12,0,0,0,7,8,10,10,4,1,0,0,0,7,8,10,10,4,1,0,0,0,7,8,10,10,4,1,24.6,24.6,24.6,77.8,680,680;180;258,0.0,29.63,0.0,0.0,0.0,15.4,17.9,21.0,20.9,7.6,2.5,193430000,0,0,0,16099000,32658000,64734000,69497000,8672100,1768500,37,5227800.0,0.0,0.0,0.0,435110.0,882640.0,1749600.0,1878300.0,234380.0,47797.0,0,0,0,16869000,26237000,20347000,25219000,9196000,0,0,0,0,8,10,12,13,4,1,48,,,,1381,539;4943;5567;5720;6441;8702;8788;9102;11506;11820;12683;15030,True;True;True;True;True;True;True;True;True;True;True;True,581;5332;6013;6186;6986;9439;9554;9994;12852;13198;14140;16682,2855;26372;26373;30117;30118;30119;30120;30121;30122;30971;30972;30973;30974;30975;35439;35440;35441;35442;47980;47981;47982;48532;48533;50599;50600;50601;64364;64365;66014;66015;66016;66017;66018;66019;66020;66021;66022;71205;71206;71207;71208;71209;84369;84370;84371,3310;29098;29099;33304;33305;33306;33307;33308;33309;33310;34294;34295;34296;34297;34298;39467;39468;39469;39470;39471;39472;53388;53389;53390;54011;54012;56279;56280;56281;72100;72101;73852;73853;73854;73855;73856;73857;73858;73859;73860;79860;79861;79862;79863;79864;94809;94810;94811,3310;29098;33304;34294;39470;53390;54012;56279;72101;73853;79860;94809,,,,,,,-1;-1;-1,12,sp|Q8CIB5|FERM2_MOUSE,Fermitin family homolog 2,435110.0,1749600.0,234380.0,882640.0,1878300.0,47797.0,871304.5,16.0
957,sp|Q62371|DDR2_MOUSE;sp|Q03146|DDR1_MOUSE,sp|Q62371|DDR2_MOUSE,10;1,10;1,10;1,sp|Q62371|DDR2_MOUSE Discoidin domain-containing receptor 2 OS=Mus musculus OX=10090 GN=Ddr2 PE=1 SV=2,2,10,10,10,0,0,0,9,9,5,4,5,1,0,0,0,9,9,5,4,5,1,0,0,0,9,9,5,4,5,1,13.3,13.3,13.3,96.48100000000001,854,854;911,0.0,25.445,0.0,0.0,0.0,11.6,11.8,8.3,5.9,8.3,1.8,149430000,0,0,0,25608000,51916000,30738000,21049000,19002000,1117400,34,4395000.0,0.0,0.0,0.0,753190.0,1526900.0,904050.0,619100.0,558890.0,32864.0,0,0,0,21009000,27788000,15167000,13956000,18289000,0,0,0,0,8,11,5,4,5,1,34,,,,957,142;1596;1953;3237;3338;4994;5100;9445;11923;14819,True;True;True;True;True;True;True;True;True;True,147;1731;2108;3485;3596;3597;5389;5510;10395;13307;16455,601;8668;8669;10412;10413;16908;16909;16910;16911;17372;17373;17374;26700;26701;26702;26703;26704;27451;27452;27453;27454;27455;53085;53086;53087;53088;53089;66547;66548;66549;66550;66551;83275;83276;83277,655;9658;9659;11509;11510;18670;18671;18672;18673;19176;19177;19178;29477;29478;29479;29480;29481;30297;30298;30299;30300;30301;59856;59857;59858;59859;59860;74410;74411;74412;74413;74414;93597;93598;93599,655;9659;11510;18670;19178;29479;30301;59856;74413;93597,,,436,,,697,-1;-1,10,sp|Q62371|DDR2_MOUSE,Discoidin domain-containing receptor 2,753190.0,904050.0,558890.0,1526900.0,619100.0,32864.0,732499.0,17.0
1641,tr|A0A2U3TZ82|A0A2U3TZ82_MOUSE;sp|Q99KW3|TARA_MOUSE;tr|G5E8W1|G5E8W1_MOUSE;tr|A0A2R8VI29|A0A2R8VI29_MOUSE;tr|J9JI90|J9JI90_MOUSE,tr|A0A2U3TZ82|A0A2U3TZ82_MOUSE;sp|Q99KW3|TARA_MOUSE,15;15;7;3;1,15;15;7;3;1,14;14;6;2;0,tr|A0A2U3TZ82|A0A2U3TZ82_MOUSE TRIO and F-actin-binding protein OS=Mus musculus OX=10090 GN=Triobp PE=1 SV=1;sp|Q99KW3|TARA_MOUSE TRIO and F-actin-binding protein OS=Mus musculus OX=10090 GN=Triobp PE=1 SV=3,5,15,15,14,0,0,0,5,12,7,10,2,3,0,0,0,5,12,7,10,2,3,0,0,0,5,12,7,9,2,3,27.1,27.1,25.7,71.684,627,627;2014;402;248;98,0.0,26.618000000000002,0.0,0.0,0.0,8.5,23.8,15.9,21.5,3.5,5.7,118140000,0,0,0,5761800,29213000,32869000,44126000,3352100,2814800,37,3192900.0,0.0,0.0,0.0,155720.0,789550.0,888340.0,1192600.0,90597.0,76076.0,0,0,0,5031500,21221000,12772000,18542000,2011700,1782800,0,0,0,5,13,7,10,2,3,40,,,,1641,1310;4938;6182;6684;6873;9706;9946;10594;10862;11409;11524;11525;12007;13030;13618,True;True;True;True;True;True;True;True;True;True;True;True;True;True;True,1421;5327;6709;7243;7452;10700;10989;11855;12151;12753;12871;12872;13396;14511;15156,7002;7003;7004;7005;7006;26354;26355;34044;34045;34046;36661;37714;54645;55928;59708;59709;59710;61128;63841;63842;63843;63844;63845;64437;64438;64439;64440;64441;64442;67182;67183;67184;67185;73022;73023;73024;73025;73026;76495,7812;7813;7814;7815;7816;29080;29081;37995;37996;37997;40747;41854;61609;62977;67044;67045;67046;67047;68584;71554;71555;71556;71557;71558;72177;72178;72179;72180;72181;72182;75242;75243;75244;75245;81840;81841;81842;81843;81844;85655,7814;29081;37997;40747;41854;61609;62977;67047;68584;71556;72178;72182;75242;81843;85655,,,,,,,-1;-1;-1;-1;-1,14,tr|A0A2U3TZ82|A0A2U3TZ82_MOUSE,tr|A0A2U3TZ82|A0A2U3TZ82_MOUSE TRIO and F-actin-binding protein,155720.0,888340.0,90597.0,789550.0,1192600.0,76076.0,532147.1666666666,18.0
929,sp|Q61768|KINH_MOUSE;tr|E9QAK5|E9QAK5_MOUSE,sp|Q61768|KINH_MOUSE,20;9,20;9,17;7,sp|Q61768|KINH_MOUSE Kinesin-1 heavy chain OS=Mus musculus OX=10090 GN=Kif5b PE=1 SV=3,2,20,20,17,0,0,0,2,8,10,18,1,4,0,0,0,2,8,10,18,1,4,0,0,0,2,8,9,15,1,4,27.1,27.1,23.6,109.55,963,963;619,0.0,166.85,0.0,0.0,0.0,4.7,12.1,15.0,24.4,1.1,5.3,191390000,0,0,0,3020400,20701000,48734000,111040000,3503600,4396000,60,3189800.0,0.0,0.0,0.0,50340.0,345020.0,812230.0,1850600.0,58393.0,73266.0,0,0,0,0,9565700,22153000,44689000,0,4344500,0,0,0,2,7,8,18,1,3,39,,,,929,30;797;3443;3444;3926;4130;5853;5898;6483;7208;7482;8015;9781;9899;10109;10125;10906;11543;12404;12809,True;True;True;True;True;True;True;True;True;True;True;True;True;True;True;True;True;True;True;True,31;876;3709;3710;4226;4441;6334;6381;7029;7816;8115;8687;10778;10921;10922;11222;11243;12197;12890;13837;14277,128;129;4318;4319;4320;4321;17942;17943;17944;17945;20537;20538;21768;21769;32135;32401;35633;39616;39617;39618;41270;41271;41272;41273;41274;41275;44020;44021;44022;54990;55640;55641;55642;55643;55644;55645;55646;55647;56998;56999;57103;57104;61323;61324;61325;64486;69511;69512;71872,146;147;4947;4948;4949;4950;19815;19816;19817;19818;22689;22690;24006;24007;35867;36202;39666;43940;43941;43942;45853;45854;45855;45856;45857;45858;48955;48956;48957;61975;62664;62665;62666;62667;62668;62669;62670;62671;64109;64110;64215;64216;68819;68820;68821;72227;77800;77801;80590,147;4949;19815;19816;22689;24007;35867;36202;39666;43940;45857;48955;61975;62670;64109;64215;68820;72227;77801;80590,,,,,,,-1;-1,17,sp|Q61768|KINH_MOUSE,Kinesin-1 heavy chain,50340.0,812230.0,58393.0,345020.0,1850600.0,73266.0,531641.5,19.0
1122,sp|Q7TT50|MRCKB_MOUSE;tr|A0A1Y7VLI0|A0A1Y7VLI0_MOUSE,sp|Q7TT50|MRCKB_MOUSE,9;1,9;1,8;1,sp|Q7TT50|MRCKB_MOUSE Serine/threonine-protein kinase MRCK beta OS=Mus musculus OX=10090 GN=Cdc42bpb PE=1 SV=2,2,9,9,8,0,0,0,3,7,3,4,2,1,0,0,0,3,7,3,4,2,1,0,0,0,3,6,3,4,2,1,7.2,7.2,6.7,194.75,1713,1713;249,0.0,18.677,0.0,0.0,0.0,2.4,5.4,2.2,3.4,1.9,1.0,51820000,0,0,0,3522800,14759000,12876000,16659000,2283900,1719300,84,616910.0,0.0,0.0,0.0,41938.0,175700.0,153290.0,198320.0,27190.0,20468.0,0,0,0,4933600,7359500,7458300,6236500,0,0,0,0,0,3,7,3,4,2,1,20,,,,1122,1222;3406;4679;6286;6502;10754;11595;11812;14172,True;True;True;True;True;True;True;True;True,1323;3671;5035;6819;7048;12029;12950;13190;15765,6475;17763;17764;24751;34535;35686;35687;35688;35689;35690;35691;60604;60605;60606;64812;64813;65984;79378;79379;79380,7237;19628;19629;27217;38511;39723;39724;39725;39726;39727;39728;67992;67993;67994;72592;72593;73821;88658;88659;88660,7237;19629;27217;38511;39726;67994;72592;73821;88658,,,,,,,-1;-1,8,sp|Q7TT50|MRCKB_MOUSE,Serine/threonine-protein kinase MRCK beta,41938.0,153290.0,27190.0,175700.0,198320.0,20468.0,102817.66666666667,20.0
93,sp|B0V2N1|PTPRS_MOUSE,sp|B0V2N1|PTPRS_MOUSE,5,4,3,sp|B0V2N1|PTPRS_MOUSE Receptor-type tyrosine-protein phosphatase S OS=Mus musculus OX=10090 GN=Ptprs PE=1 SV=1,1,5,4,3,0,0,0,3,3,3,2,4,1,0,0,0,2,2,2,2,3,1,0,0,0,1,1,1,1,2,1,3.4,2.8,2.1,211.9,1907,1907,0.0,5.532,0.0,0.0,0.0,2.3,2.3,1.9,1.3,2.8,0.6,44531000,0,0,0,5443400,8594600,12205000,9627100,8341700,319280,86,517810.0,0.0,0.0,0.0,63295.0,99937.0,141920.0,111940.0,96996.0,3712.6,0,0,0,5245800,6169700,5805700,4745000,3559000,0,0,0,0,2,2,2,2,3,1,12,,,,93,6899;8537;11190;12414;14559,True;True;True;True;False,7482;9252;12507;13849;16178,37897;37898;37899;47051;47052;47053;62639;62640;62641;62642;62643;69587;81525;81526;81527;81528,42046;42047;42048;52320;52321;52322;70236;70237;70238;70239;70240;77904;91253;91254;91255;91256,42046;52322;70238;77904;91254,,,,,,,-1,3,sp|B0V2N1|PTPRS_MOUSE,Receptor-type tyrosine-protein phosphatase S,63295.0,141920.0,96996.0,99937.0,111940.0,3712.6,86300.09999999999,21.0
488,sp|P50580|PA2G4_MOUSE,sp|P50580|PA2G4_MOUSE,3,3,3,sp|P50580|PA2G4_MOUSE Proliferation-associated protein 2G4 OS=Mus musculus OX=10090 GN=Pa2g4 PE=1 SV=3,1,3,3,3,0,0,0,1,1,1,2,1,1,0,0,0,1,1,1,2,1,1,0,0,0,1,1,1,2,1,1,7.1,7.1,7.1,43.698,394,394,0.0,6.6253,0.0,0.0,0.0,2.3,2.8,2.8,4.8,2.8,2.8,10816000,0,0,0,472030,744940,2927100,4817500,1029100,825160,22,491620.0,0.0,0.0,0.0,21456.0,33861.0,133050.0,218980.0,46775.0,37507.0,0,0,0,0,0,0,1918900,0,0,0,0,0,1,1,1,2,1,1,7,,,,488,322;671;12516,True;True;True,342;725;13960,1473;3576;70288;70289;70290;70291;70292,1612;4097;78769;78770;78771;78772;78773,1612;4097;78771,,,,,,,-1,3,sp|P50580|PA2G4_MOUSE,Proliferation-associated protein 2G4,21456.0,133050.0,46775.0,33861.0,218980.0,37507.0,81938.16666666667,22.0
324,sp|P16546|SPTN1_MOUSE;tr|A3KGU5|A3KGU5_MOUSE;tr|A3KGU7|A3KGU7_MOUSE;tr|E9Q447|E9Q447_MOUSE;tr|A3KGU9|A3KGU9_MOUSE;tr|A3KGU4|A3KGU4_MOUSE,sp|P16546|SPTN1_MOUSE;tr|A3KGU5|A3KGU5_MOUSE;tr|A3KGU7|A3KGU7_MOUSE;tr|E9Q447|E9Q447_MOUSE;tr|A3KGU9|A3KGU9_MOUSE,17;16;16;16;16;1,17;16;16;16;16;1,17;16;16;16;16;1,"sp|P16546|SPTN1_MOUSE Spectrin alpha chain, non-erythrocytic 1 OS=Mus musculus OX=10090 GN=Sptan1 PE=1 SV=4;tr|A3KGU5|A3KGU5_MOUSE Spectrin alpha chain, non-erythrocytic 1 OS=Mus musculus OX=10090 GN=Sptan1 PE=1 SV=1;tr|A3KGU7|A3KGU7_MOUSE Spectrin alpha c",6,17,17,17,0,1,0,7,10,4,2,1,2,0,1,0,7,10,4,2,1,2,0,1,0,7,10,4,2,1,2,9.5,9.5,9.5,284.59,2472,2472;2457;2477;2478;2498;219,0.0,20.725,0.0,0.6,0.0,4.3,5.7,2.3,1.0,0.5,1.0,47163000,0,0,0,7520500,19700000,9862300,5756500,642550,3681400,143,329810.0,0.0,0.0,0.0,52591.0,137760.0,68967.0,40256.0,4493.3,25744.0,0,0,0,9499100,12707000,0,0,0,0,0,0,0,7,11,4,2,1,2,27,,,,324,707;1724;4710;4965;4971;5099;7467;7470;7614;8143;8160;8169;8287;10898;11526;11776;13909,True;True;True;True;True;True;True;True;True;True;True;True;True;True;True;True;True,764;1863;5070;5356;5362;5509;8096;8099;8255;8826;8845;8855;8981;12189;12873;13152;15477,3752;3753;9297;24949;26479;26480;26505;26506;26507;27449;27450;41161;41172;41173;41956;44671;44672;44727;44781;45517;45518;61300;61301;64443;64444;65788;78023,4285;4286;10307;27444;29206;29207;29233;29234;29235;30293;30294;30295;30296;45732;45745;45746;46588;49640;49641;49698;49754;50681;50682;68792;68793;72183;72184;73616;87237,4286;10307;27444;29207;29235;30295;45732;45745;46588;49640;49698;49754;50681;68793;72184;73616;87237,,,,,,,-1;-1;-1;-1;-1;-1,17,sp|P16546|SPTN1_MOUSE,"Spectrin alpha chain, non-erythrocytic 1",52591.0,68967.0,4493.3,137760.0,40256.0,25744.0,54968.549999999996,23.0
